theme,measure,label,year,value,sortorder
SUMMARY,EES,Employee engagement index,2009,0.58,1
SUMMARY,EES,Employee engagement index,2010,0.56,1
SUMMARY,EES,Employee engagement index,2011,0.56,1
SUMMARY,EES,Employee engagement index,2012,0.58,1
SUMMARY,EES,Employee engagement index,2013,0.58,1
SUMMARY,EES,Employee engagement index,2014,0.59,1
SUMMARY,EES,Employee engagement index,2015,0.58,1
SUMMARY,EES,Employee engagement index,2016,0.59,1
SUMMARY,EES,Employee engagement index,2017,0.61,1
SUMMARY,EES,Employee engagement index,2018,0.62,1
SUMMARY,EES,Employee engagement index,2019,0.63,1
SUMMARY,MW,My work theme score,2009,0.75,2
SUMMARY,MW,My work theme score,2010,0.71,2
SUMMARY,MW,My work theme score,2011,0.71,2
SUMMARY,MW,My work theme score,2012,0.73,2
SUMMARY,MW,My work theme score,2013,0.74,2
SUMMARY,MW,My work theme score,2014,0.75,2
SUMMARY,MW,My work theme score,2015,0.74,2
SUMMARY,MW,My work theme score,2016,0.75,2
SUMMARY,MW,My work theme score,2017,0.76,2
SUMMARY,MW,My work theme score,2018,0.76,2
SUMMARY,MW,My work theme score,2019,0.77,2
SUMMARY,OP,Organisational objectives and purpose theme score,2009,0.8,3
SUMMARY,OP,Organisational objectives and purpose theme score,2010,0.8,3
SUMMARY,OP,Organisational objectives and purpose theme score,2011,0.8,3
SUMMARY,OP,Organisational objectives and purpose theme score,2012,0.81,3
SUMMARY,OP,Organisational objectives and purpose theme score,2013,0.81,3
SUMMARY,OP,Organisational objectives and purpose theme score,2014,0.82,3
SUMMARY,OP,Organisational objectives and purpose theme score,2015,0.81,3
SUMMARY,OP,Organisational objectives and purpose theme score,2016,0.81,3
SUMMARY,OP,Organisational objectives and purpose theme score,2017,0.82,3
SUMMARY,OP,Organisational objectives and purpose theme score,2018,0.83,3
SUMMARY,OP,Organisational objectives and purpose theme score,2019,0.83,3
SUMMARY,LM,My manager theme score,2009,0.64,4
SUMMARY,LM,My manager theme score,2010,0.64,4
SUMMARY,LM,My manager theme score,2011,0.64,4
SUMMARY,LM,My manager theme score,2012,0.66,4
SUMMARY,LM,My manager theme score,2013,0.67,4
SUMMARY,LM,My manager theme score,2014,0.67,4
SUMMARY,LM,My manager theme score,2015,0.68,4
SUMMARY,LM,My manager theme score,2016,0.68,4
SUMMARY,LM,My manager theme score,2017,0.7,4
SUMMARY,LM,My manager theme score,2018,0.7,4
SUMMARY,LM,My manager theme score,2019,0.71,4
SUMMARY,MT,My team theme score,2009,0.76,5
SUMMARY,MT,My team theme score,2010,0.77,5
SUMMARY,MT,My team theme score,2011,0.77,5
SUMMARY,MT,My team theme score,2012,0.78,5
SUMMARY,MT,My team theme score,2013,0.79,5
SUMMARY,MT,My team theme score,2014,0.79,5
SUMMARY,MT,My team theme score,2015,0.8,5
SUMMARY,MT,My team theme score,2016,0.8,5
SUMMARY,MT,My team theme score,2017,0.81,5
SUMMARY,MT,My team theme score,2018,0.81,5
SUMMARY,MT,My team theme score,2019,0.82,5
SUMMARY,LD,Learning and development theme score,2009,0.5,6
SUMMARY,LD,Learning and development theme score,2010,0.43,6
SUMMARY,LD,Learning and development theme score,2011,0.43,6
SUMMARY,LD,Learning and development theme score,2012,0.44,6
SUMMARY,LD,Learning and development theme score,2013,0.47,6
SUMMARY,LD,Learning and development theme score,2014,0.49,6
SUMMARY,LD,Learning and development theme score,2015,0.49,6
SUMMARY,LD,Learning and development theme score,2016,0.5,6
SUMMARY,LD,Learning and development theme score,2017,0.53,6
SUMMARY,LD,Learning and development theme score,2018,0.54,6
SUMMARY,LD,Learning and development theme score,2019,0.55,6
SUMMARY,IF,Inclusion and fair treatment theme score,2009,0.74,7
SUMMARY,IF,Inclusion and fair treatment theme score,2010,0.73,7
SUMMARY,IF,Inclusion and fair treatment theme score,2011,0.73,7
SUMMARY,IF,Inclusion and fair treatment theme score,2012,0.75,7
SUMMARY,IF,Inclusion and fair treatment theme score,2013,0.74,7
SUMMARY,IF,Inclusion and fair treatment theme score,2014,0.75,7
SUMMARY,IF,Inclusion and fair treatment theme score,2015,0.74,7
SUMMARY,IF,Inclusion and fair treatment theme score,2016,0.76,7
SUMMARY,IF,Inclusion and fair treatment theme score,2017,0.77,7
SUMMARY,IF,Inclusion and fair treatment theme score,2018,0.78,7
SUMMARY,IF,Inclusion and fair treatment theme score,2019,0.79,7
SUMMARY,RW,Resources and workload theme score,2009,0.7,8
SUMMARY,RW,Resources and workload theme score,2010,0.72,8
SUMMARY,RW,Resources and workload theme score,2011,0.71,8
SUMMARY,RW,Resources and workload theme score,2012,0.72,8
SUMMARY,RW,Resources and workload theme score,2013,0.72,8
SUMMARY,RW,Resources and workload theme score,2014,0.72,8
SUMMARY,RW,Resources and workload theme score,2015,0.71,8
SUMMARY,RW,Resources and workload theme score,2016,0.71,8
SUMMARY,RW,Resources and workload theme score,2017,0.72,8
SUMMARY,RW,Resources and workload theme score,2018,0.73,8
SUMMARY,RW,Resources and workload theme score,2019,0.74,8
SUMMARY,PB,Pay and benefits theme score,2009,0.37,9
SUMMARY,PB,Pay and benefits theme score,2010,0.37,9
SUMMARY,PB,Pay and benefits theme score,2011,0.31,9
SUMMARY,PB,Pay and benefits theme score,2012,0.3,9
SUMMARY,PB,Pay and benefits theme score,2013,0.29,9
SUMMARY,PB,Pay and benefits theme score,2014,0.28,9
SUMMARY,PB,Pay and benefits theme score,2015,0.3,9
SUMMARY,PB,Pay and benefits theme score,2016,0.31,9
SUMMARY,PB,Pay and benefits theme score,2017,0.3,9
SUMMARY,PB,Pay and benefits theme score,2018,0.31,9
SUMMARY,PB,Pay and benefits theme score,2019,0.34,9
SUMMARY,LC,Leadership and managing change theme score,2009,0.37,10
SUMMARY,LC,Leadership and managing change theme score,2010,0.37,10
SUMMARY,LC,Leadership and managing change theme score,2011,0.37,10
SUMMARY,LC,Leadership and managing change theme score,2012,0.41,10
SUMMARY,LC,Leadership and managing change theme score,2013,0.41,10
SUMMARY,LC,Leadership and managing change theme score,2014,0.43,10
SUMMARY,LC,Leadership and managing change theme score,2015,0.42,10
SUMMARY,LC,Leadership and managing change theme score,2016,0.43,10
SUMMARY,LC,Leadership and managing change theme score,2017,0.47,10
SUMMARY,LC,Leadership and managing change theme score,2018,0.47,10
SUMMARY,LC,Leadership and managing change theme score,2019,0.49,10
MW,B01,I am interested in my work,2009,0.9,11
MW,B01,I am interested in my work,2010,0.89,11
MW,B01,I am interested in my work,2011,0.89,11
MW,B01,I am interested in my work,2012,0.89,11
MW,B01,I am interested in my work,2013,0.89,11
MW,B01,I am interested in my work,2014,0.89,11
MW,B01,I am interested in my work,2015,0.89,11
MW,B01,I am interested in my work,2016,0.9,11
MW,B01,I am interested in my work,2017,0.9,11
MW,B01,I am interested in my work,2018,0.9,11
MW,B01,I am interested in my work,2019,0.9,11
MW,B02,I am sufficiently challenged by my work,2009,0.76,12
MW,B02,I am sufficiently challenged by my work,2010,0.73,12
MW,B02,I am sufficiently challenged by my work,2011,0.75,12
MW,B02,I am sufficiently challenged by my work,2012,0.76,12
MW,B02,I am sufficiently challenged by my work,2013,0.78,12
MW,B02,I am sufficiently challenged by my work,2014,0.79,12
MW,B02,I am sufficiently challenged by my work,2015,0.79,12
MW,B02,I am sufficiently challenged by my work,2016,0.8,12
MW,B02,I am sufficiently challenged by my work,2017,0.81,12
MW,B02,I am sufficiently challenged by my work,2018,0.81,12
MW,B02,I am sufficiently challenged by my work,2019,0.8,12
MW,B03,My work gives me a sense of personal accomplishment,2009,0.74,13
MW,B03,My work gives me a sense of personal accomplishment,2010,0.72,13
MW,B03,My work gives me a sense of personal accomplishment,2011,0.72,13
MW,B03,My work gives me a sense of personal accomplishment,2012,0.73,13
MW,B03,My work gives me a sense of personal accomplishment,2013,0.75,13
MW,B03,My work gives me a sense of personal accomplishment,2014,0.76,13
MW,B03,My work gives me a sense of personal accomplishment,2015,0.75,13
MW,B03,My work gives me a sense of personal accomplishment,2016,0.75,13
MW,B03,My work gives me a sense of personal accomplishment,2017,0.77,13
MW,B03,My work gives me a sense of personal accomplishment,2018,0.77,13
MW,B03,My work gives me a sense of personal accomplishment,2019,0.78,13
MW,B04,I feel involved in the decisions that affect my work,2009,0.56,14
MW,B04,I feel involved in the decisions that affect my work,2010,0.49,14
MW,B04,I feel involved in the decisions that affect my work,2011,0.49,14
MW,B04,I feel involved in the decisions that affect my work,2012,0.53,14
MW,B04,I feel involved in the decisions that affect my work,2013,0.54,14
MW,B04,I feel involved in the decisions that affect my work,2014,0.56,14
MW,B04,I feel involved in the decisions that affect my work,2015,0.56,14
MW,B04,I feel involved in the decisions that affect my work,2016,0.57,14
MW,B04,I feel involved in the decisions that affect my work,2017,0.58,14
MW,B04,I feel involved in the decisions that affect my work,2018,0.59,14
MW,B04,I feel involved in the decisions that affect my work,2019,0.6,14
MW,B05,I have a choice in deciding how I do my work,2009,0.72,15
MW,B05,I have a choice in deciding how I do my work,2010,0.7,15
MW,B05,I have a choice in deciding how I do my work,2011,0.71,15
MW,B05,I have a choice in deciding how I do my work,2012,0.72,15
MW,B05,I have a choice in deciding how I do my work,2013,0.72,15
MW,B05,I have a choice in deciding how I do my work,2014,0.74,15
MW,B05,I have a choice in deciding how I do my work,2015,0.73,15
MW,B05,I have a choice in deciding how I do my work,2016,0.74,15
MW,B05,I have a choice in deciding how I do my work,2017,0.75,15
MW,B05,I have a choice in deciding how I do my work,2018,0.77,15
MW,B05,I have a choice in deciding how I do my work,2019,0.78,15
OP,B06,I have a clear understanding of [my organisation's] objectives,2009,0.78,16
OP,B06,I have a clear understanding of [my organisation's] objectives,2010,0.78,16
OP,B06,I have a clear understanding of [my organisation's] objectives,2011,0.79,16
OP,B06,I have a clear understanding of [my organisation's] objectives,2012,0.79,16
OP,B06,I have a clear understanding of [my organisation's] objectives,2013,0.8,16
OP,B06,I have a clear understanding of [my organisation's] objectives,2014,0.81,16
OP,B06,I have a clear understanding of [my organisation's] objectives,2015,0.79,16
OP,B06,I have a clear understanding of [my organisation's] objectives,2016,0.8,16
OP,B06,I have a clear understanding of [my organisation's] objectives,2017,0.81,16
OP,B06,I have a clear understanding of [my organisation's] objectives,2018,0.81,16
OP,B06,I have a clear understanding of [my organisation's] objectives,2019,0.82,16
OP,B07,I understand how my work contributes to [my organisation's] objectives,2009,0.82,17
OP,B07,I understand how my work contributes to [my organisation's] objectives,2010,0.8,17
OP,B07,I understand how my work contributes to [my organisation's] objectives,2011,0.81,17
OP,B07,I understand how my work contributes to [my organisation's] objectives,2012,0.82,17
OP,B07,I understand how my work contributes to [my organisation's] objectives,2013,0.83,17
OP,B07,I understand how my work contributes to [my organisation's] objectives,2014,0.83,17
OP,B07,I understand how my work contributes to [my organisation's] objectives,2015,0.83,17
OP,B07,I understand how my work contributes to [my organisation's] objectives,2016,0.83,17
OP,B07,I understand how my work contributes to [my organisation's] objectives,2017,0.83,17
OP,B07,I understand how my work contributes to [my organisation's] objectives,2018,0.84,17
OP,B07,I understand how my work contributes to [my organisation's] objectives,2019,0.84,17
LM,B08,My manager motivates me to be more effective in my job,2009,0.61,18
LM,B08,My manager motivates me to be more effective in my job,2010,0.62,18
LM,B08,My manager motivates me to be more effective in my job,2011,0.63,18
LM,B08,My manager motivates me to be more effective in my job,2012,0.66,18
LM,B08,My manager motivates me to be more effective in my job,2013,0.65,18
LM,B08,My manager motivates me to be more effective in my job,2014,0.68,18
LM,B08,My manager motivates me to be more effective in my job,2015,0.68,18
LM,B08,My manager motivates me to be more effective in my job,2016,0.69,18
LM,B08,My manager motivates me to be more effective in my job,2017,0.7,18
LM,B08,My manager motivates me to be more effective in my job,2018,0.71,18
LM,B08,My manager motivates me to be more effective in my job,2019,0.72,18
LM,B09,My manager is considerate of my life outside work,2009,0.77,19
LM,B09,My manager is considerate of my life outside work,2010,0.78,19
LM,B09,My manager is considerate of my life outside work,2011,0.79,19
LM,B09,My manager is considerate of my life outside work,2012,0.81,19
LM,B09,My manager is considerate of my life outside work,2013,0.8,19
LM,B09,My manager is considerate of my life outside work,2014,0.81,19
LM,B09,My manager is considerate of my life outside work,2015,0.82,19
LM,B09,My manager is considerate of my life outside work,2016,0.83,19
LM,B09,My manager is considerate of my life outside work,2017,0.84,19
LM,B09,My manager is considerate of my life outside work,2018,0.86,19
LM,B09,My manager is considerate of my life outside work,2019,0.87,19
LM,B10,My manager is open to my ideas,2009,0.78,20
LM,B10,My manager is open to my ideas,2010,0.77,20
LM,B10,My manager is open to my ideas,2011,0.79,20
LM,B10,My manager is open to my ideas,2012,0.79,20
LM,B10,My manager is open to my ideas,2013,0.79,20
LM,B10,My manager is open to my ideas,2014,0.8,20
LM,B10,My manager is open to my ideas,2015,0.81,20
LM,B10,My manager is open to my ideas,2016,0.81,20
LM,B10,My manager is open to my ideas,2017,0.82,20
LM,B10,My manager is open to my ideas,2018,0.83,20
LM,B10,My manager is open to my ideas,2019,0.83,20
LM,B11,My manager helps me to understand how I contribute to [my organisation's] objectives,2009,0.59,21
LM,B11,My manager helps me to understand how I contribute to [my organisation's] objectives,2010,0.58,21
LM,B11,My manager helps me to understand how I contribute to [my organisation's] objectives,2011,0.58,21
LM,B11,My manager helps me to understand how I contribute to [my organisation's] objectives,2012,0.61,21
LM,B11,My manager helps me to understand how I contribute to [my organisation's] objectives,2013,0.62,21
LM,B11,My manager helps me to understand how I contribute to [my organisation's] objectives,2014,0.64,21
LM,B11,My manager helps me to understand how I contribute to [my organisation's] objectives,2015,0.63,21
LM,B11,My manager helps me to understand how I contribute to [my organisation's] objectives,2016,0.65,21
LM,B11,My manager helps me to understand how I contribute to [my organisation's] objectives,2017,0.66,21
LM,B11,My manager helps me to understand how I contribute to [my organisation's] objectives,2018,0.67,21
LM,B11,My manager helps me to understand how I contribute to [my organisation's] objectives,2019,0.67,21
LM,B12,"Overall, I have confidence in the decisions made by my manager",2009,0.7,22
LM,B12,"Overall, I have confidence in the decisions made by my manager",2010,0.69,22
LM,B12,"Overall, I have confidence in the decisions made by my manager",2011,0.71,22
LM,B12,"Overall, I have confidence in the decisions made by my manager",2012,0.71,22
LM,B12,"Overall, I have confidence in the decisions made by my manager",2013,0.71,22
LM,B12,"Overall, I have confidence in the decisions made by my manager",2014,0.73,22
LM,B12,"Overall, I have confidence in the decisions made by my manager",2015,0.72,22
LM,B12,"Overall, I have confidence in the decisions made by my manager",2016,0.73,22
LM,B12,"Overall, I have confidence in the decisions made by my manager",2017,0.74,22
LM,B12,"Overall, I have confidence in the decisions made by my manager",2018,0.76,22
LM,B12,"Overall, I have confidence in the decisions made by my manager",2019,0.76,22
LM,B13,My manager recognises when I have done my job well,2009,0.76,23
LM,B13,My manager recognises when I have done my job well,2010,0.77,23
LM,B13,My manager recognises when I have done my job well,2011,0.76,23
LM,B13,My manager recognises when I have done my job well,2012,0.77,23
LM,B13,My manager recognises when I have done my job well,2013,0.77,23
LM,B13,My manager recognises when I have done my job well,2014,0.77,23
LM,B13,My manager recognises when I have done my job well,2015,0.79,23
LM,B13,My manager recognises when I have done my job well,2016,0.78,23
LM,B13,My manager recognises when I have done my job well,2017,0.79,23
LM,B13,My manager recognises when I have done my job well,2018,0.8,23
LM,B13,My manager recognises when I have done my job well,2019,0.8,23
LM,B14,I receive regular feedback on my performance,2009,0.6,24
LM,B14,I receive regular feedback on my performance,2010,0.6,24
LM,B14,I receive regular feedback on my performance,2011,0.6,24
LM,B14,I receive regular feedback on my performance,2012,0.63,24
LM,B14,I receive regular feedback on my performance,2013,0.64,24
LM,B14,I receive regular feedback on my performance,2014,0.65,24
LM,B14,I receive regular feedback on my performance,2015,0.67,24
LM,B14,I receive regular feedback on my performance,2016,0.66,24
LM,B14,I receive regular feedback on my performance,2017,0.68,24
LM,B14,I receive regular feedback on my performance,2018,0.68,24
LM,B14,I receive regular feedback on my performance,2019,0.69,24
LM,B15,The feedback I receive helps me to improve my performance,2009,0.57,25
LM,B15,The feedback I receive helps me to improve my performance,2010,0.57,25
LM,B15,The feedback I receive helps me to improve my performance,2011,0.58,25
LM,B15,The feedback I receive helps me to improve my performance,2012,0.6,25
LM,B15,The feedback I receive helps me to improve my performance,2013,0.6,25
LM,B15,The feedback I receive helps me to improve my performance,2014,0.61,25
LM,B15,The feedback I receive helps me to improve my performance,2015,0.61,25
LM,B15,The feedback I receive helps me to improve my performance,2016,0.62,25
LM,B15,The feedback I receive helps me to improve my performance,2017,0.63,25
LM,B15,The feedback I receive helps me to improve my performance,2018,0.64,25
LM,B15,The feedback I receive helps me to improve my performance,2019,0.65,25
LM,B16,I think that my performance is evaluated fairly,2009,0.63,26
LM,B16,I think that my performance is evaluated fairly,2010,0.62,26
LM,B16,I think that my performance is evaluated fairly,2011,0.62,26
LM,B16,I think that my performance is evaluated fairly,2012,0.62,26
LM,B16,I think that my performance is evaluated fairly,2013,0.63,26
LM,B16,I think that my performance is evaluated fairly,2014,0.63,26
LM,B16,I think that my performance is evaluated fairly,2015,0.62,26
LM,B16,I think that my performance is evaluated fairly,2016,0.63,26
LM,B16,I think that my performance is evaluated fairly,2017,0.65,26
LM,B16,I think that my performance is evaluated fairly,2018,0.66,26
LM,B16,I think that my performance is evaluated fairly,2019,0.68,26
LM,B17,Poor performance is dealt with effectively in my team,2009,0.38,27
LM,B17,Poor performance is dealt with effectively in my team,2010,0.37,27
LM,B17,Poor performance is dealt with effectively in my team,2011,0.37,27
LM,B17,Poor performance is dealt with effectively in my team,2012,0.37,27
LM,B17,Poor performance is dealt with effectively in my team,2013,0.38,27
LM,B17,Poor performance is dealt with effectively in my team,2014,0.39,27
LM,B17,Poor performance is dealt with effectively in my team,2015,0.39,27
LM,B17,Poor performance is dealt with effectively in my team,2016,0.39,27
LM,B17,Poor performance is dealt with effectively in my team,2017,0.4,27
LM,B17,Poor performance is dealt with effectively in my team,2018,0.4,27
LM,B17,Poor performance is dealt with effectively in my team,2019,0.4,27
MT,B18,The people in my team can be relied upon to help when things get difficult in my job,2009,0.83,28
MT,B18,The people in my team can be relied upon to help when things get difficult in my job,2010,0.83,28
MT,B18,The people in my team can be relied upon to help when things get difficult in my job,2011,0.82,28
MT,B18,The people in my team can be relied upon to help when things get difficult in my job,2012,0.83,28
MT,B18,The people in my team can be relied upon to help when things get difficult in my job,2013,0.84,28
MT,B18,The people in my team can be relied upon to help when things get difficult in my job,2014,0.84,28
MT,B18,The people in my team can be relied upon to help when things get difficult in my job,2015,0.84,28
MT,B18,The people in my team can be relied upon to help when things get difficult in my job,2016,0.84,28
MT,B18,The people in my team can be relied upon to help when things get difficult in my job,2017,0.85,28
MT,B18,The people in my team can be relied upon to help when things get difficult in my job,2018,0.86,28
MT,B18,The people in my team can be relied upon to help when things get difficult in my job,2019,0.86,28
MT,B19,The people in my team work together to find ways to improve the service we provide,2009,0.79,29
MT,B19,The people in my team work together to find ways to improve the service we provide,2010,0.78,29
MT,B19,The people in my team work together to find ways to improve the service we provide,2011,0.78,29
MT,B19,The people in my team work together to find ways to improve the service we provide,2012,0.79,29
MT,B19,The people in my team work together to find ways to improve the service we provide,2013,0.8,29
MT,B19,The people in my team work together to find ways to improve the service we provide,2014,0.8,29
MT,B19,The people in my team work together to find ways to improve the service we provide,2015,0.8,29
MT,B19,The people in my team work together to find ways to improve the service we provide,2016,0.82,29
MT,B19,The people in my team work together to find ways to improve the service we provide,2017,0.83,29
MT,B19,The people in my team work together to find ways to improve the service we provide,2018,0.82,29
MT,B19,The people in my team work together to find ways to improve the service we provide,2019,0.83,29
MT,B20,The people in my team are encouraged to come up with new and better ways of doing things,2009,0.68,30
MT,B20,The people in my team are encouraged to come up with new and better ways of doing things,2010,0.7,30
MT,B20,The people in my team are encouraged to come up with new and better ways of doing things,2011,0.69,30
MT,B20,The people in my team are encouraged to come up with new and better ways of doing things,2012,0.71,30
MT,B20,The people in my team are encouraged to come up with new and better ways of doing things,2013,0.73,30
MT,B20,The people in my team are encouraged to come up with new and better ways of doing things,2014,0.74,30
MT,B20,The people in my team are encouraged to come up with new and better ways of doing things,2015,0.74,30
MT,B20,The people in my team are encouraged to come up with new and better ways of doing things,2016,0.74,30
MT,B20,The people in my team are encouraged to come up with new and better ways of doing things,2017,0.75,30
MT,B20,The people in my team are encouraged to come up with new and better ways of doing things,2018,0.77,30
MT,B20,The people in my team are encouraged to come up with new and better ways of doing things,2019,0.77,30
LD,B21,I am able to access the right learning and development opportunities when I need to,2009,0.63,31
LD,B21,I am able to access the right learning and development opportunities when I need to,2010,0.55,31
LD,B21,I am able to access the right learning and development opportunities when I need to,2011,0.54,31
LD,B21,I am able to access the right learning and development opportunities when I need to,2012,0.58,31
LD,B21,I am able to access the right learning and development opportunities when I need to,2013,0.61,31
LD,B21,I am able to access the right learning and development opportunities when I need to,2014,0.62,31
LD,B21,I am able to access the right learning and development opportunities when I need to,2015,0.63,31
LD,B21,I am able to access the right learning and development opportunities when I need to,2016,0.61,31
LD,B21,I am able to access the right learning and development opportunities when I need to,2017,0.63,31
LD,B21,I am able to access the right learning and development opportunities when I need to,2018,0.64,31
LD,B21,I am able to access the right learning and development opportunities when I need to,2019,0.64,31
LD,B22,Learning and development activities I have completed in the past 12 months have helped to improve my performance,2009,0.51,32
LD,B22,Learning and development activities I have completed in the past 12 months have helped to improve my performance,2010,0.48,32
LD,B22,Learning and development activities I have completed in the past 12 months have helped to improve my performance,2011,0.45,32
LD,B22,Learning and development activities I have completed in the past 12 months have helped to improve my performance,2012,0.46,32
LD,B22,Learning and development activities I have completed in the past 12 months have helped to improve my performance,2013,0.48,32
LD,B22,Learning and development activities I have completed in the past 12 months have helped to improve my performance,2014,0.51,32
LD,B22,Learning and development activities I have completed in the past 12 months have helped to improve my performance,2015,0.52,32
LD,B22,Learning and development activities I have completed in the past 12 months have helped to improve my performance,2016,0.51,32
LD,B22,Learning and development activities I have completed in the past 12 months have helped to improve my performance,2017,0.52,32
LD,B22,Learning and development activities I have completed in the past 12 months have helped to improve my performance,2018,0.53,32
LD,B22,Learning and development activities I have completed in the past 12 months have helped to improve my performance,2019,0.54,32
LD,B23,There are opportunities for me to develop my career in [my organisation],2009,0.39,33
LD,B23,There are opportunities for me to develop my career in [my organisation],2010,0.28,33
LD,B23,There are opportunities for me to develop my career in [my organisation],2011,0.31,33
LD,B23,There are opportunities for me to develop my career in [my organisation],2012,0.35,33
LD,B23,There are opportunities for me to develop my career in [my organisation],2013,0.38,33
LD,B23,There are opportunities for me to develop my career in [my organisation],2014,0.42,33
LD,B23,There are opportunities for me to develop my career in [my organisation],2015,0.41,33
LD,B23,There are opportunities for me to develop my career in [my organisation],2016,0.43,33
LD,B23,There are opportunities for me to develop my career in [my organisation],2017,0.47,33
LD,B23,There are opportunities for me to develop my career in [my organisation],2018,0.48,33
LD,B23,There are opportunities for me to develop my career in [my organisation],2019,0.51,33
LD,B24,Learning and development activities I have completed while working for [my organisation] are helping me to develop my career,2009,0.44,34
LD,B24,Learning and development activities I have completed while working for [my organisation] are helping me to develop my career,2010,0.41,34
LD,B24,Learning and development activities I have completed while working for [my organisation] are helping me to develop my career,2011,0.4,34
LD,B24,Learning and development activities I have completed while working for [my organisation] are helping me to develop my career,2012,0.4,34
LD,B24,Learning and development activities I have completed while working for [my organisation] are helping me to develop my career,2013,0.42,34
LD,B24,Learning and development activities I have completed while working for [my organisation] are helping me to develop my career,2014,0.43,34
LD,B24,Learning and development activities I have completed while working for [my organisation] are helping me to develop my career,2015,0.44,34
LD,B24,Learning and development activities I have completed while working for [my organisation] are helping me to develop my career,2016,0.44,34
LD,B24,Learning and development activities I have completed while working for [my organisation] are helping me to develop my career,2017,0.47,34
LD,B24,Learning and development activities I have completed while working for [my organisation] are helping me to develop my career,2018,0.47,34
LD,B24,Learning and development activities I have completed while working for [my organisation] are helping me to develop my career,2019,0.5,34
IF,B25,I am treated fairly at work,2009,0.79,35
IF,B25,I am treated fairly at work,2010,0.78,35
IF,B25,I am treated fairly at work,2011,0.78,35
IF,B25,I am treated fairly at work,2012,0.78,35
IF,B25,I am treated fairly at work,2013,0.78,35
IF,B25,I am treated fairly at work,2014,0.79,35
IF,B25,I am treated fairly at work,2015,0.78,35
IF,B25,I am treated fairly at work,2016,0.79,35
IF,B25,I am treated fairly at work,2017,0.8,35
IF,B25,I am treated fairly at work,2018,0.8,35
IF,B25,I am treated fairly at work,2019,0.82,35
IF,B26,I am treated with respect by the people I work with,2009,0.85,36
IF,B26,I am treated with respect by the people I work with,2010,0.84,36
IF,B26,I am treated with respect by the people I work with,2011,0.84,36
IF,B26,I am treated with respect by the people I work with,2012,0.84,36
IF,B26,I am treated with respect by the people I work with,2013,0.84,36
IF,B26,I am treated with respect by the people I work with,2014,0.84,36
IF,B26,I am treated with respect by the people I work with,2015,0.85,36
IF,B26,I am treated with respect by the people I work with,2016,0.84,36
IF,B26,I am treated with respect by the people I work with,2017,0.85,36
IF,B26,I am treated with respect by the people I work with,2018,0.85,36
IF,B26,I am treated with respect by the people I work with,2019,0.86,36
IF,B27,I feel valued for the work I do,2009,0.62,37
IF,B27,I feel valued for the work I do,2010,0.6,37
IF,B27,I feel valued for the work I do,2011,0.59,37
IF,B27,I feel valued for the work I do,2012,0.62,37
IF,B27,I feel valued for the work I do,2013,0.63,37
IF,B27,I feel valued for the work I do,2014,0.65,37
IF,B27,I feel valued for the work I do,2015,0.64,37
IF,B27,I feel valued for the work I do,2016,0.65,37
IF,B27,I feel valued for the work I do,2017,0.66,37
IF,B27,I feel valued for the work I do,2018,0.68,37
IF,B27,I feel valued for the work I do,2019,0.68,37
IF,B28,"I think that [my organisation] respects individual differences (e.g. cultures, working styles, backgrounds, ideas, etc)",2009,0.71,38
IF,B28,"I think that [my organisation] respects individual differences (e.g. cultures, working styles, backgrounds, ideas, etc)",2010,0.71,38
IF,B28,"I think that [my organisation] respects individual differences (e.g. cultures, working styles, backgrounds, ideas, etc)",2011,0.7,38
IF,B28,"I think that [my organisation] respects individual differences (e.g. cultures, working styles, backgrounds, ideas, etc)",2012,0.71,38
IF,B28,"I think that [my organisation] respects individual differences (e.g. cultures, working styles, backgrounds, ideas, etc)",2013,0.72,38
IF,B28,"I think that [my organisation] respects individual differences (e.g. cultures, working styles, backgrounds, ideas, etc)",2014,0.74,38
IF,B28,"I think that [my organisation] respects individual differences (e.g. cultures, working styles, backgrounds, ideas, etc)",2015,0.72,38
IF,B28,"I think that [my organisation] respects individual differences (e.g. cultures, working styles, backgrounds, ideas, etc)",2016,0.74,38
IF,B28,"I think that [my organisation] respects individual differences (e.g. cultures, working styles, backgrounds, ideas, etc)",2017,0.76,38
IF,B28,"I think that [my organisation] respects individual differences (e.g. cultures, working styles, backgrounds, ideas, etc)",2018,0.77,38
IF,B28,"I think that [my organisation] respects individual differences (e.g. cultures, working styles, backgrounds, ideas, etc)",2019,0.78,38
RW,B29,I get the information I need to do my job well,2009,0.63,39
RW,B29,I get the information I need to do my job well,2010,0.67,39
RW,B29,I get the information I need to do my job well,2011,0.67,39
RW,B29,I get the information I need to do my job well,2012,0.68,39
RW,B29,I get the information I need to do my job well,2013,0.69,39
RW,B29,I get the information I need to do my job well,2014,0.7,39
RW,B29,I get the information I need to do my job well,2015,0.69,39
RW,B29,I get the information I need to do my job well,2016,0.69,39
RW,B29,I get the information I need to do my job well,2017,0.7,39
RW,B29,I get the information I need to do my job well,2018,0.7,39
RW,B29,I get the information I need to do my job well,2019,0.71,39
RW,B30,I have clear work objectives,2009,0.72,40
RW,B30,I have clear work objectives,2010,0.74,40
RW,B30,I have clear work objectives,2011,0.74,40
RW,B30,I have clear work objectives,2012,0.75,40
RW,B30,I have clear work objectives,2013,0.75,40
RW,B30,I have clear work objectives,2014,0.76,40
RW,B30,I have clear work objectives,2015,0.75,40
RW,B30,I have clear work objectives,2016,0.75,40
RW,B30,I have clear work objectives,2017,0.75,40
RW,B30,I have clear work objectives,2018,0.76,40
RW,B30,I have clear work objectives,2019,0.76,40
RW,B31,I have the skills I need to do my job effectively,2009,0.87,41
RW,B31,I have the skills I need to do my job effectively,2010,0.88,41
RW,B31,I have the skills I need to do my job effectively,2011,0.88,41
RW,B31,I have the skills I need to do my job effectively,2012,0.88,41
RW,B31,I have the skills I need to do my job effectively,2013,0.88,41
RW,B31,I have the skills I need to do my job effectively,2014,0.89,41
RW,B31,I have the skills I need to do my job effectively,2015,0.88,41
RW,B31,I have the skills I need to do my job effectively,2016,0.89,41
RW,B31,I have the skills I need to do my job effectively,2017,0.88,41
RW,B31,I have the skills I need to do my job effectively,2018,0.89,41
RW,B31,I have the skills I need to do my job effectively,2019,0.89,41
RW,B32,I have the tools I need to do my job effectively,2009,0.72,42
RW,B32,I have the tools I need to do my job effectively,2010,0.72,42
RW,B32,I have the tools I need to do my job effectively,2011,0.7,42
RW,B32,I have the tools I need to do my job effectively,2012,0.72,42
RW,B32,I have the tools I need to do my job effectively,2013,0.71,42
RW,B32,I have the tools I need to do my job effectively,2014,0.72,42
RW,B32,I have the tools I need to do my job effectively,2015,0.69,42
RW,B32,I have the tools I need to do my job effectively,2016,0.7,42
RW,B32,I have the tools I need to do my job effectively,2017,0.7,42
RW,B32,I have the tools I need to do my job effectively,2018,0.71,42
RW,B32,I have the tools I need to do my job effectively,2019,0.72,42
RW,B33,I have an acceptable workload,2009,0.6,43
RW,B33,I have an acceptable workload,2010,0.62,43
RW,B33,I have an acceptable workload,2011,0.61,43
RW,B33,I have an acceptable workload,2012,0.6,43
RW,B33,I have an acceptable workload,2013,0.6,43
RW,B33,I have an acceptable workload,2014,0.59,43
RW,B33,I have an acceptable workload,2015,0.59,43
RW,B33,I have an acceptable workload,2016,0.58,43
RW,B33,I have an acceptable workload,2017,0.61,43
RW,B33,I have an acceptable workload,2018,0.6,43
RW,B33,I have an acceptable workload,2019,0.63,43
RW,B34,I achieve a good balance between my work life and my private life,2009,0.68,44
RW,B34,I achieve a good balance between my work life and my private life,2010,0.7,44
RW,B34,I achieve a good balance between my work life and my private life,2011,0.67,44
RW,B34,I achieve a good balance between my work life and my private life,2012,0.68,44
RW,B34,I achieve a good balance between my work life and my private life,2013,0.68,44
RW,B34,I achieve a good balance between my work life and my private life,2014,0.66,44
RW,B34,I achieve a good balance between my work life and my private life,2015,0.67,44
RW,B34,I achieve a good balance between my work life and my private life,2016,0.67,44
RW,B34,I achieve a good balance between my work life and my private life,2017,0.68,44
RW,B34,I achieve a good balance between my work life and my private life,2018,0.69,44
RW,B34,I achieve a good balance between my work life and my private life,2019,0.71,44
PB,B35,I feel that my pay adequately reflects my performance,2009,0.36,45
PB,B35,I feel that my pay adequately reflects my performance,2010,0.38,45
PB,B35,I feel that my pay adequately reflects my performance,2011,0.32,45
PB,B35,I feel that my pay adequately reflects my performance,2012,0.31,45
PB,B35,I feel that my pay adequately reflects my performance,2013,0.29,45
PB,B35,I feel that my pay adequately reflects my performance,2014,0.29,45
PB,B35,I feel that my pay adequately reflects my performance,2015,0.31,45
PB,B35,I feel that my pay adequately reflects my performance,2016,0.32,45
PB,B35,I feel that my pay adequately reflects my performance,2017,0.3,45
PB,B35,I feel that my pay adequately reflects my performance,2018,0.31,45
PB,B35,I feel that my pay adequately reflects my performance,2019,0.34,45
PB,B36,I am satisfied with the total benefits package,2009,0.44,46
PB,B36,I am satisfied with the total benefits package,2010,0.39,46
PB,B36,I am satisfied with the total benefits package,2011,0.34,46
PB,B36,I am satisfied with the total benefits package,2012,0.33,46
PB,B36,I am satisfied with the total benefits package,2013,0.32,46
PB,B36,I am satisfied with the total benefits package,2014,0.32,46
PB,B36,I am satisfied with the total benefits package,2015,0.33,46
PB,B36,I am satisfied with the total benefits package,2016,0.34,46
PB,B36,I am satisfied with the total benefits package,2017,0.34,46
PB,B36,I am satisfied with the total benefits package,2018,0.36,46
PB,B36,I am satisfied with the total benefits package,2019,0.39,46
PB,B37,Compared to people doing a similar job in other organisations I feel my pay is reasonable,2009,0.33,47
PB,B37,Compared to people doing a similar job in other organisations I feel my pay is reasonable,2010,0.31,47
PB,B37,Compared to people doing a similar job in other organisations I feel my pay is reasonable,2011,0.27,47
PB,B37,Compared to people doing a similar job in other organisations I feel my pay is reasonable,2012,0.26,47
PB,B37,Compared to people doing a similar job in other organisations I feel my pay is reasonable,2013,0.25,47
PB,B37,Compared to people doing a similar job in other organisations I feel my pay is reasonable,2014,0.24,47
PB,B37,Compared to people doing a similar job in other organisations I feel my pay is reasonable,2015,0.25,47
PB,B37,Compared to people doing a similar job in other organisations I feel my pay is reasonable,2016,0.27,47
PB,B37,Compared to people doing a similar job in other organisations I feel my pay is reasonable,2017,0.25,47
PB,B37,Compared to people doing a similar job in other organisations I feel my pay is reasonable,2018,0.27,47
PB,B37,Compared to people doing a similar job in other organisations I feel my pay is reasonable,2019,0.28,47
LC,B38,[Senior managers] in [my organisation] are sufficiently visible,2009,0.45,48
LC,B38,[Senior managers] in [my organisation] are sufficiently visible,2010,0.45,48
LC,B38,[Senior managers] in [my organisation] are sufficiently visible,2011,0.46,48
LC,B38,[Senior managers] in [my organisation] are sufficiently visible,2012,0.48,48
LC,B38,[Senior managers] in [my organisation] are sufficiently visible,2013,0.51,48
LC,B38,[Senior managers] in [my organisation] are sufficiently visible,2014,0.53,48
LC,B38,[Senior managers] in [my organisation] are sufficiently visible,2015,0.53,48
LC,B38,[Senior managers] in [my organisation] are sufficiently visible,2016,0.55,48
LC,B38,[Senior managers] in [my organisation] are sufficiently visible,2017,0.6,48
LC,B38,[Senior managers] in [my organisation] are sufficiently visible,2018,0.61,48
LC,B38,[Senior managers] in [my organisation] are sufficiently visible,2019,0.63,48
LC,B39,I believe the actions of [senior managers] are consistent with [my organisation's] values,2009,0.39,49
LC,B39,I believe the actions of [senior managers] are consistent with [my organisation's] values,2010,0.39,49
LC,B39,I believe the actions of [senior managers] are consistent with [my organisation's] values,2011,0.39,49
LC,B39,I believe the actions of [senior managers] are consistent with [my organisation's] values,2012,0.42,49
LC,B39,I believe the actions of [senior managers] are consistent with [my organisation's] values,2013,0.43,49
LC,B39,I believe the actions of [senior managers] are consistent with [my organisation's] values,2014,0.47,49
LC,B39,I believe the actions of [senior managers] are consistent with [my organisation's] values,2015,0.45,49
LC,B39,I believe the actions of [senior managers] are consistent with [my organisation's] values,2016,0.49,49
LC,B39,I believe the actions of [senior managers] are consistent with [my organisation's] values,2017,0.54,49
LC,B39,I believe the actions of [senior managers] are consistent with [my organisation's] values,2018,0.52,49
LC,B39,I believe the actions of [senior managers] are consistent with [my organisation's] values,2019,0.55,49
LC,B40,I believe that [the board has] a clear vision for the future of [my organisation],2009,0.36,50
LC,B40,I believe that [the board has] a clear vision for the future of [my organisation],2010,0.35,50
LC,B40,I believe that [the board has] a clear vision for the future of [my organisation],2011,0.39,50
LC,B40,I believe that [the board has] a clear vision for the future of [my organisation],2012,0.4,50
LC,B40,I believe that [the board has] a clear vision for the future of [my organisation],2013,0.42,50
LC,B40,I believe that [the board has] a clear vision for the future of [my organisation],2014,0.45,50
LC,B40,I believe that [the board has] a clear vision for the future of [my organisation],2015,0.42,50
LC,B40,I believe that [the board has] a clear vision for the future of [my organisation],2016,0.43,50
LC,B40,I believe that [the board has] a clear vision for the future of [my organisation],2017,0.49,50
LC,B40,I believe that [the board has] a clear vision for the future of [my organisation],2018,0.48,50
LC,B40,I believe that [the board has] a clear vision for the future of [my organisation],2019,0.5,50
LC,B41,"Overall, I have confidence in the decisions made by [my organisation's senior managers]",2009,0.36,51
LC,B41,"Overall, I have confidence in the decisions made by [my organisation's senior managers]",2010,0.36,51
LC,B41,"Overall, I have confidence in the decisions made by [my organisation's senior managers]",2011,0.36,51
LC,B41,"Overall, I have confidence in the decisions made by [my organisation's senior managers]",2012,0.39,51
LC,B41,"Overall, I have confidence in the decisions made by [my organisation's senior managers]",2013,0.41,51
LC,B41,"Overall, I have confidence in the decisions made by [my organisation's senior managers]",2014,0.44,51
LC,B41,"Overall, I have confidence in the decisions made by [my organisation's senior managers]",2015,0.42,51
LC,B41,"Overall, I have confidence in the decisions made by [my organisation's senior managers]",2016,0.44,51
LC,B41,"Overall, I have confidence in the decisions made by [my organisation's senior managers]",2017,0.49,51
LC,B41,"Overall, I have confidence in the decisions made by [my organisation's senior managers]",2018,0.49,51
LC,B41,"Overall, I have confidence in the decisions made by [my organisation's senior managers]",2019,0.51,51
LC,B42,I feel that change is managed well in [my organisation],2009,0.27,52
LC,B42,I feel that change is managed well in [my organisation],2010,0.27,52
LC,B42,I feel that change is managed well in [my organisation],2011,0.27,52
LC,B42,I feel that change is managed well in [my organisation],2012,0.29,52
LC,B42,I feel that change is managed well in [my organisation],2013,0.29,52
LC,B42,I feel that change is managed well in [my organisation],2014,0.31,52
LC,B42,I feel that change is managed well in [my organisation],2015,0.3,52
LC,B42,I feel that change is managed well in [my organisation],2016,0.29,52
LC,B42,I feel that change is managed well in [my organisation],2017,0.33,52
LC,B42,I feel that change is managed well in [my organisation],2018,0.33,52
LC,B42,I feel that change is managed well in [my organisation],2019,0.35,52
LC,B43,When changes are made in [my organisation] they are usually for the better,2009,0.25,53
LC,B43,When changes are made in [my organisation] they are usually for the better,2010,0.23,53
LC,B43,When changes are made in [my organisation] they are usually for the better,2011,0.23,53
LC,B43,When changes are made in [my organisation] they are usually for the better,2012,0.25,53
LC,B43,When changes are made in [my organisation] they are usually for the better,2013,0.27,53
LC,B43,When changes are made in [my organisation] they are usually for the better,2014,0.3,53
LC,B43,When changes are made in [my organisation] they are usually for the better,2015,0.27,53
LC,B43,When changes are made in [my organisation] they are usually for the better,2016,0.3,53
LC,B43,When changes are made in [my organisation] they are usually for the better,2017,0.33,53
LC,B43,When changes are made in [my organisation] they are usually for the better,2018,0.35,53
LC,B43,When changes are made in [my organisation] they are usually for the better,2019,0.36,53
LC,B44,[My organisation] keeps me informed about matters that affect me,2009,0.56,54
LC,B44,[My organisation] keeps me informed about matters that affect me,2010,0.54,54
LC,B44,[My organisation] keeps me informed about matters that affect me,2011,0.55,54
LC,B44,[My organisation] keeps me informed about matters that affect me,2012,0.56,54
LC,B44,[My organisation] keeps me informed about matters that affect me,2013,0.58,54
LC,B44,[My organisation] keeps me informed about matters that affect me,2014,0.58,54
LC,B44,[My organisation] keeps me informed about matters that affect me,2015,0.56,54
LC,B44,[My organisation] keeps me informed about matters that affect me,2016,0.56,54
LC,B44,[My organisation] keeps me informed about matters that affect me,2017,0.58,54
LC,B44,[My organisation] keeps me informed about matters that affect me,2018,0.59,54
LC,B44,[My organisation] keeps me informed about matters that affect me,2019,0.6,54
LC,B45,I have the opportunity to contribute my views before decisions are made that affect me,2009,0.34,55
LC,B45,I have the opportunity to contribute my views before decisions are made that affect me,2010,0.32,55
LC,B45,I have the opportunity to contribute my views before decisions are made that affect me,2011,0.36,55
LC,B45,I have the opportunity to contribute my views before decisions are made that affect me,2012,0.36,55
LC,B45,I have the opportunity to contribute my views before decisions are made that affect me,2013,0.36,55
LC,B45,I have the opportunity to contribute my views before decisions are made that affect me,2014,0.36,55
LC,B45,I have the opportunity to contribute my views before decisions are made that affect me,2015,0.36,55
LC,B45,I have the opportunity to contribute my views before decisions are made that affect me,2016,0.38,55
LC,B45,I have the opportunity to contribute my views before decisions are made that affect me,2017,0.39,55
LC,B45,I have the opportunity to contribute my views before decisions are made that affect me,2018,0.4,55
LC,B45,I have the opportunity to contribute my views before decisions are made that affect me,2019,0.4,55
LC,B46,I think it is safe to challenge the way things are done in [my organisation],2009,0.39,56
LC,B46,I think it is safe to challenge the way things are done in [my organisation],2010,0.39,56
LC,B46,I think it is safe to challenge the way things are done in [my organisation],2011,0.38,56
LC,B46,I think it is safe to challenge the way things are done in [my organisation],2012,0.4,56
LC,B46,I think it is safe to challenge the way things are done in [my organisation],2013,0.38,56
LC,B46,I think it is safe to challenge the way things are done in [my organisation],2014,0.41,56
LC,B46,I think it is safe to challenge the way things are done in [my organisation],2015,0.41,56
LC,B46,I think it is safe to challenge the way things are done in [my organisation],2016,0.43,56
LC,B46,I think it is safe to challenge the way things are done in [my organisation],2017,0.46,56
LC,B46,I think it is safe to challenge the way things are done in [my organisation],2018,0.47,56
LC,B46,I think it is safe to challenge the way things are done in [my organisation],2019,0.5,56
EE,B47,I am proud when I tell others I am part of [my organisation],2009,0.56,57
EE,B47,I am proud when I tell others I am part of [my organisation],2010,0.55,57
EE,B47,I am proud when I tell others I am part of [my organisation],2011,0.52,57
EE,B47,I am proud when I tell others I am part of [my organisation],2012,0.53,57
EE,B47,I am proud when I tell others I am part of [my organisation],2013,0.56,57
EE,B47,I am proud when I tell others I am part of [my organisation],2014,0.59,57
EE,B47,I am proud when I tell others I am part of [my organisation],2015,0.57,57
EE,B47,I am proud when I tell others I am part of [my organisation],2016,0.59,57
EE,B47,I am proud when I tell others I am part of [my organisation],2017,0.62,57
EE,B47,I am proud when I tell others I am part of [my organisation],2018,0.65,57
EE,B47,I am proud when I tell others I am part of [my organisation],2019,0.67,57
EE,B48,I would recommend [my organisation] as a great place to work,2009,0.48,58
EE,B48,I would recommend [my organisation] as a great place to work,2010,0.42,58
EE,B48,I would recommend [my organisation] as a great place to work,2011,0.43,58
EE,B48,I would recommend [my organisation] as a great place to work,2012,0.46,58
EE,B48,I would recommend [my organisation] as a great place to work,2013,0.45,58
EE,B48,I would recommend [my organisation] as a great place to work,2014,0.49,58
EE,B48,I would recommend [my organisation] as a great place to work,2015,0.47,58
EE,B48,I would recommend [my organisation] as a great place to work,2016,0.51,58
EE,B48,I would recommend [my organisation] as a great place to work,2017,0.55,58
EE,B48,I would recommend [my organisation] as a great place to work,2018,0.58,58
EE,B48,I would recommend [my organisation] as a great place to work,2019,0.61,58
EE,B49,I feel a strong personal attachment to [my organisation],2009,0.45,59
EE,B49,I feel a strong personal attachment to [my organisation],2010,0.46,59
EE,B49,I feel a strong personal attachment to [my organisation],2011,0.46,59
EE,B49,I feel a strong personal attachment to [my organisation],2012,0.44,59
EE,B49,I feel a strong personal attachment to [my organisation],2013,0.46,59
EE,B49,I feel a strong personal attachment to [my organisation],2014,0.48,59
EE,B49,I feel a strong personal attachment to [my organisation],2015,0.47,59
EE,B49,I feel a strong personal attachment to [my organisation],2016,0.48,59
EE,B49,I feel a strong personal attachment to [my organisation],2017,0.49,59
EE,B49,I feel a strong personal attachment to [my organisation],2018,0.52,59
EE,B49,I feel a strong personal attachment to [my organisation],2019,0.52,59
EE,B50,[My organisation] inspires me to do the best in my job,2009,0.4,60
EE,B50,[My organisation] inspires me to do the best in my job,2010,0.39,60
EE,B50,[My organisation] inspires me to do the best in my job,2011,0.38,60
EE,B50,[My organisation] inspires me to do the best in my job,2012,0.41,60
EE,B50,[My organisation] inspires me to do the best in my job,2013,0.43,60
EE,B50,[My organisation] inspires me to do the best in my job,2014,0.45,60
EE,B50,[My organisation] inspires me to do the best in my job,2015,0.44,60
EE,B50,[My organisation] inspires me to do the best in my job,2016,0.46,60
EE,B50,[My organisation] inspires me to do the best in my job,2017,0.48,60
EE,B50,[My organisation] inspires me to do the best in my job,2018,0.5,60
EE,B50,[My organisation] inspires me to do the best in my job,2019,0.52,60
EE,B51,[My organisation] motivates me to help it achieve its objectives,2009,0.38,61
EE,B51,[My organisation] motivates me to help it achieve its objectives,2010,0.36,61
EE,B51,[My organisation] motivates me to help it achieve its objectives,2011,0.36,61
EE,B51,[My organisation] motivates me to help it achieve its objectives,2012,0.38,61
EE,B51,[My organisation] motivates me to help it achieve its objectives,2013,0.4,61
EE,B51,[My organisation] motivates me to help it achieve its objectives,2014,0.43,61
EE,B51,[My organisation] motivates me to help it achieve its objectives,2015,0.42,61
EE,B51,[My organisation] motivates me to help it achieve its objectives,2016,0.44,61
EE,B51,[My organisation] motivates me to help it achieve its objectives,2017,0.46,61
EE,B51,[My organisation] motivates me to help it achieve its objectives,2018,0.48,61
EE,B51,[My organisation] motivates me to help it achieve its objectives,2019,0.5,61
TA,B52,I believe that [senior managers] in [my organisation] will take action on the results from this survey,2009,0.37,62
TA,B52,I believe that [senior managers] in [my organisation] will take action on the results from this survey,2010,0.38,62
TA,B52,I believe that [senior managers] in [my organisation] will take action on the results from this survey,2011,0.39,62
TA,B52,I believe that [senior managers] in [my organisation] will take action on the results from this survey,2012,0.43,62
TA,B52,I believe that [senior managers] in [my organisation] will take action on the results from this survey,2013,0.43,62
TA,B52,I believe that [senior managers] in [my organisation] will take action on the results from this survey,2014,0.45,62
TA,B52,I believe that [senior managers] in [my organisation] will take action on the results from this survey,2015,0.43,62
TA,B52,I believe that [senior managers] in [my organisation] will take action on the results from this survey,2016,0.46,62
TA,B52,I believe that [senior managers] in [my organisation] will take action on the results from this survey,2017,0.5,62
TA,B52,I believe that [senior managers] in [my organisation] will take action on the results from this survey,2018,0.49,62
TA,B52,I believe that [senior managers] in [my organisation] will take action on the results from this survey,2019,0.51,62
TA,B53,"Where I work, I think effective action has been taken on the results of the last survey",2011,0.29,63
TA,B53,"Where I work, I think effective action has been taken on the results of the last survey",2012,0.32,63
TA,B53,"Where I work, I think effective action has been taken on the results of the last survey",2013,0.33,63
TA,B53,"Where I work, I think effective action has been taken on the results of the last survey",2014,0.35,63
TA,B53,"Where I work, I think effective action has been taken on the results of the last survey",2015,0.33,63
TA,B53,"Where I work, I think effective action has been taken on the results of the last survey",2016,0.35,63
TA,B53,"Where I work, I think effective action has been taken on the results of the last survey",2017,0.36,63
TA,B53,"Where I work, I think effective action has been taken on the results of the last survey",2018,0.36,63
TA,B53,"Where I work, I think effective action has been taken on the results of the last survey",2019,0.38,63
OC,B54,I am trusted to carry out my job effectively,2012,0.86,64
OC,B54,I am trusted to carry out my job effectively,2013,0.88,64
OC,B54,I am trusted to carry out my job effectively,2014,0.89,64
OC,B54,I am trusted to carry out my job effectively,2015,0.88,64
OC,B54,I am trusted to carry out my job effectively,2016,0.88,64
OC,B54,I am trusted to carry out my job effectively,2017,0.89,64
OC,B54,I am trusted to carry out my job effectively,2018,0.89,64
OC,B54,I am trusted to carry out my job effectively,2019,0.89,64
OC,B55,"I believe I would be supported if I try a new idea, even if it may not work",2012,0.63,65
OC,B55,"I believe I would be supported if I try a new idea, even if it may not work",2013,0.67,65
OC,B55,"I believe I would be supported if I try a new idea, even if it may not work",2014,0.68,65
OC,B55,"I believe I would be supported if I try a new idea, even if it may not work",2015,0.68,65
OC,B55,"I believe I would be supported if I try a new idea, even if it may not work",2016,0.69,65
OC,B55,"I believe I would be supported if I try a new idea, even if it may not work",2017,0.71,65
OC,B55,"I believe I would be supported if I try a new idea, even if it may not work",2018,0.72,65
OC,B55,"I believe I would be supported if I try a new idea, even if it may not work",2019,0.73,65
OC,B56,"In [my organisation], people are encouraged to speak up when they identify a serious policy or delivery risk",2017,0.66,66
OC,B56,"In [my organisation], people are encouraged to speak up when they identify a serious policy or delivery risk",2018,0.68,66
OC,B56,"In [my organisation], people are encouraged to speak up when they identify a serious policy or delivery risk",2019,0.7,66
OC,B57,I feel able to challenge inappropriate behaviour in the workplace,2017,0.63,67
OC,B57,I feel able to challenge inappropriate behaviour in the workplace,2018,0.65,67
OC,B57,I feel able to challenge inappropriate behaviour in the workplace,2019,0.67,67
OC,B58,My organisation is committed to creating a diverse and inclusive workplace,2017,0.74,68
OC,B58,My organisation is committed to creating a diverse and inclusive workplace,2018,0.75,68
OC,B58,My organisation is committed to creating a diverse and inclusive workplace,2019,0.76,68
VL,B59,I am aware of the Civil Service vision for 'A Brilliant Civil Service',2017,0.43,69
VL,B59,I am aware of the Civil Service vision for 'A Brilliant Civil Service',2018,0.51,69
VL,B59,I am aware of the Civil Service vision for 'A Brilliant Civil Service',2019,0.58,69
VL,B60,Managers in my Area/Directorate/Division actively role model the behaviours set out in the Civil Service Leadership Statement,2019,0.66,70
FI,C01_1,I want to leave [my organisation] as soon as possible,2009,0.06,71
FI,C01_1,I want to leave [my organisation] as soon as possible,2010,0.08,71
FI,C01_1,I want to leave [my organisation] as soon as possible,2011,0.07,71
FI,C01_1,I want to leave [my organisation] as soon as possible,2012,0.08,71
FI,C01_1,I want to leave [my organisation] as soon as possible,2013,0.08,71
FI,C01_1,I want to leave [my organisation] as soon as possible,2014,0.07,71
FI,C01_1,I want to leave [my organisation] as soon as possible,2015,0.09,71
FI,C01_1,I want to leave [my organisation] as soon as possible,2016,0.08,71
FI,C01_1,I want to leave [my organisation] as soon as possible,2017,0.08,71
FI,C01_1,I want to leave [my organisation] as soon as possible,2018,0.08,71
FI,C01_1,I want to leave [my organisation] as soon as possible,2019,0.07,71
FI,C01_2,I want to leave [my organisation] within the next 12 months,2009,0.11,72
FI,C01_2,I want to leave [my organisation] within the next 12 months,2010,0.11,72
FI,C01_2,I want to leave [my organisation] within the next 12 months,2011,0.11,72
FI,C01_2,I want to leave [my organisation] within the next 12 months,2012,0.12,72
FI,C01_2,I want to leave [my organisation] within the next 12 months,2013,0.13,72
FI,C01_2,I want to leave [my organisation] within the next 12 months,2014,0.14,72
FI,C01_2,I want to leave [my organisation] within the next 12 months,2015,0.15,72
FI,C01_2,I want to leave [my organisation] within the next 12 months,2016,0.15,72
FI,C01_2,I want to leave [my organisation] within the next 12 months,2017,0.15,72
FI,C01_2,I want to leave [my organisation] within the next 12 months,2018,0.15,72
FI,C01_2,I want to leave [my organisation] within the next 12 months,2019,0.15,72
FI,C01_3,I want to stay working for [my organisation] for at least the next year,2009,0.28,73
FI,C01_3,I want to stay working for [my organisation] for at least the next year,2010,0.26,73
FI,C01_3,I want to stay working for [my organisation] for at least the next year,2011,0.27,73
FI,C01_3,I want to stay working for [my organisation] for at least the next year,2012,0.29,73
FI,C01_3,I want to stay working for [my organisation] for at least the next year,2013,0.3,73
FI,C01_3,I want to stay working for [my organisation] for at least the next year,2014,0.31,73
FI,C01_3,I want to stay working for [my organisation] for at least the next year,2015,0.32,73
FI,C01_3,I want to stay working for [my organisation] for at least the next year,2016,0.32,73
FI,C01_3,I want to stay working for [my organisation] for at least the next year,2017,0.34,73
FI,C01_3,I want to stay working for [my organisation] for at least the next year,2018,0.34,73
FI,C01_3,I want to stay working for [my organisation] for at least the next year,2019,0.33,73
FI,C01_4,I want to stay working for [my organisation] for at least the next three years,2009,0.55,74
FI,C01_4,I want to stay working for [my organisation] for at least the next three years,2010,0.55,74
FI,C01_4,I want to stay working for [my organisation] for at least the next three years,2011,0.54,74
FI,C01_4,I want to stay working for [my organisation] for at least the next three years,2012,0.52,74
FI,C01_4,I want to stay working for [my organisation] for at least the next three years,2013,0.48,74
FI,C01_4,I want to stay working for [my organisation] for at least the next three years,2014,0.47,74
FI,C01_4,I want to stay working for [my organisation] for at least the next three years,2015,0.43,74
FI,C01_4,I want to stay working for [my organisation] for at least the next three years,2016,0.43,74
FI,C01_4,I want to stay working for [my organisation] for at least the next three years,2017,0.44,74
FI,C01_4,I want to stay working for [my organisation] for at least the next three years,2018,0.43,74
FI,C01_4,I want to stay working for [my organisation] for at least the next three years,2019,0.44,74
CS,D01,Are you aware of the Civil Service Code?,2009,0.75,75
CS,D01,Are you aware of the Civil Service Code?,2010,0.81,75
CS,D01,Are you aware of the Civil Service Code?,2011,0.86,75
CS,D01,Are you aware of the Civil Service Code?,2012,0.88,75
CS,D01,Are you aware of the Civil Service Code?,2013,0.89,75
CS,D01,Are you aware of the Civil Service Code?,2014,0.9,75
CS,D01,Are you aware of the Civil Service Code?,2015,0.91,75
CS,D01,Are you aware of the Civil Service Code?,2016,0.91,75
CS,D01,Are you aware of the Civil Service Code?,2017,0.92,75
CS,D01,Are you aware of the Civil Service Code?,2018,0.92,75
CS,D01,Are you aware of the Civil Service Code?,2019,0.92,75
CS,D02,Are you aware of how to raise a concern under the Civil Service Code?,2009,0.44,76
CS,D02,Are you aware of how to raise a concern under the Civil Service Code?,2010,0.53,76
CS,D02,Are you aware of how to raise a concern under the Civil Service Code?,2011,0.59,76
CS,D02,Are you aware of how to raise a concern under the Civil Service Code?,2012,0.63,76
CS,D02,Are you aware of how to raise a concern under the Civil Service Code?,2013,0.64,76
CS,D02,Are you aware of how to raise a concern under the Civil Service Code?,2014,0.64,76
CS,D02,Are you aware of how to raise a concern under the Civil Service Code?,2015,0.66,76
CS,D02,Are you aware of how to raise a concern under the Civil Service Code?,2016,0.67,76
CS,D02,Are you aware of how to raise a concern under the Civil Service Code?,2017,0.68,76
CS,D02,Are you aware of how to raise a concern under the Civil Service Code?,2018,0.67,76
CS,D02,Are you aware of how to raise a concern under the Civil Service Code?,2019,0.66,76
CS,D03,Are you confident that if you raise a concern under the Civil Service Code in [your organisation] it would be investigated properly?,2009,0.58,77
CS,D03,Are you confident that if you raise a concern under the Civil Service Code in [your organisation] it would be investigated properly?,2010,0.62,77
CS,D03,Are you confident that if you raise a concern under the Civil Service Code in [your organisation] it would be investigated properly?,2011,0.64,77
CS,D03,Are you confident that if you raise a concern under the Civil Service Code in [your organisation] it would be investigated properly?,2012,0.67,77
CS,D03,Are you confident that if you raise a concern under the Civil Service Code in [your organisation] it would be investigated properly?,2013,0.67,77
CS,D03,Are you confident that if you raise a concern under the Civil Service Code in [your organisation] it would be investigated properly?,2014,0.69,77
CS,D03,Are you confident that if you raise a concern under the Civil Service Code in [your organisation] it would be investigated properly?,2015,0.68,77
CS,D03,Are you confident that if you raise a concern under the Civil Service Code in [your organisation] it would be investigated properly?,2016,0.67,77
CS,D03,Are you confident that if you raise a concern under the Civil Service Code in [your organisation] it would be investigated properly?,2017,0.7,77
CS,D03,Are you confident that if you raise a concern under the Civil Service Code in [your organisation] it would be investigated properly?,2018,0.71,77
CS,D03,Are you confident that if you raise a concern under the Civil Service Code in [your organisation] it would be investigated properly?,2019,0.72,77
DS,E01_YES,"Have you been discriminated against at work, in the past 12 months?",2009,0.1,78
DS,E01_YES,"Have you been discriminated against at work, in the past 12 months?",2010,0.1,78
DS,E01_YES,"Have you been discriminated against at work, in the past 12 months?",2011,0.1,78
DS,E01_YES,"Have you been discriminated against at work, in the past 12 months?",2012,0.1,78
DS,E01_YES,"Have you been discriminated against at work, in the past 12 months?",2013,0.1,78
DS,E01_YES,"Have you been discriminated against at work, in the past 12 months?",2014,0.1,78
DS,E01_YES,"Have you been discriminated against at work, in the past 12 months?",2015,0.11,78
DS,E01_YES,"Have you been discriminated against at work, in the past 12 months?",2016,0.12,78
DS,E01_YES,"Have you been discriminated against at work, in the past 12 months?",2017,0.12,78
DS,E01_YES,"Have you been discriminated against at work, in the past 12 months?",2018,0.12,78
DS,E01_YES,"Have you been discriminated against at work, in the past 12 months?",2019,0.11,78
DS,E01_NO,"Have you been discriminated against at work, in the past 12 months?",2009,0.81,79
DS,E01_NO,"Have you been discriminated against at work, in the past 12 months?",2010,0.81,79
DS,E01_NO,"Have you been discriminated against at work, in the past 12 months?",2011,0.81,79
DS,E01_NO,"Have you been discriminated against at work, in the past 12 months?",2012,0.81,79
DS,E01_NO,"Have you been discriminated against at work, in the past 12 months?",2013,0.81,79
DS,E01_NO,"Have you been discriminated against at work, in the past 12 months?",2014,0.82,79
DS,E01_NO,"Have you been discriminated against at work, in the past 12 months?",2015,0.8,79
DS,E01_NO,"Have you been discriminated against at work, in the past 12 months?",2016,0.8,79
DS,E01_NO,"Have you been discriminated against at work, in the past 12 months?",2017,0.8,79
DS,E01_NO,"Have you been discriminated against at work, in the past 12 months?",2018,0.81,79
DS,E01_NO,"Have you been discriminated against at work, in the past 12 months?",2019,0.81,79
DS,E01_PNS,"Have you been discriminated against at work, in the past 12 months?",2009,0.09,80
DS,E01_PNS,"Have you been discriminated against at work, in the past 12 months?",2010,0.09,80
DS,E01_PNS,"Have you been discriminated against at work, in the past 12 months?",2011,0.08,80
DS,E01_PNS,"Have you been discriminated against at work, in the past 12 months?",2012,0.09,80
DS,E01_PNS,"Have you been discriminated against at work, in the past 12 months?",2013,0.08,80
DS,E01_PNS,"Have you been discriminated against at work, in the past 12 months?",2014,0.08,80
DS,E01_PNS,"Have you been discriminated against at work, in the past 12 months?",2015,0.09,80
DS,E01_PNS,"Have you been discriminated against at work, in the past 12 months?",2016,0.08,80
DS,E01_PNS,"Have you been discriminated against at work, in the past 12 months?",2017,0.08,80
DS,E01_PNS,"Have you been discriminated against at work, in the past 12 months?",2018,0.08,80
DS,E01_PNS,"Have you been discriminated against at work, in the past 12 months?",2019,0.08,80
DS,E02_1,Grounds of discrimination: Age,2009,0.15,81
DS,E02_1,Grounds of discrimination: Age,2010,0.12,81
DS,E02_1,Grounds of discrimination: Age,2011,0.12,81
DS,E02_1,Grounds of discrimination: Age,2012,0.12,81
DS,E02_1,Grounds of discrimination: Age,2013,0.13,81
DS,E02_1,Grounds of discrimination: Age,2014,0.13,81
DS,E02_1,Grounds of discrimination: Age,2015,0.14,81
DS,E02_1,Grounds of discrimination: Age,2016,0.14,81
DS,E02_1,Grounds of discrimination: Age,2017,0.15,81
DS,E02_1,Grounds of discrimination: Age,2018,0.17,81
DS,E02_1,Grounds of discrimination: Age,2019,0.18,81
DS,E02_2,Grounds of discrimination: Caring responsibilities,2010,0.08,82
DS,E02_2,Grounds of discrimination: Caring responsibilities,2011,0.08,82
DS,E02_2,Grounds of discrimination: Caring responsibilities,2012,0.08,82
DS,E02_2,Grounds of discrimination: Caring responsibilities,2013,0.11,82
DS,E02_2,Grounds of discrimination: Caring responsibilities,2014,0.09,82
DS,E02_2,Grounds of discrimination: Caring responsibilities,2015,0.08,82
DS,E02_2,Grounds of discrimination: Caring responsibilities,2016,0.09,82
DS,E02_2,Grounds of discrimination: Caring responsibilities,2017,0.09,82
DS,E02_2,Grounds of discrimination: Caring responsibilities,2018,0.09,82
DS,E02_2,Grounds of discrimination: Caring responsibilities,2019,0.09,82
DS,E02_3,Grounds of discrimination: Disability,2009,0.08,83
DS,E02_3,Grounds of discrimination: Disability,2010,0.07,83
DS,E02_3,Grounds of discrimination: Disability,2011,0.08,83
DS,E02_3,Grounds of discrimination: Disability,2012,0.08,83
DS,E02_3,Grounds of discrimination: Disability,2013,0.1,83
DS,E02_3,Grounds of discrimination: Disability,2014,0.09,83
DS,E02_3,Grounds of discrimination: Disability,2015,0.1,83
DS,E02_3,Grounds of discrimination: Disability,2016,0.1,83
DS,E02_3,Grounds of discrimination: Disability,2017,0.1,83
DS,E02_3,Grounds of discrimination: Disability,2018,0.11,83
DS,E02_3,Grounds of discrimination: Disability,2019,0.11,83
DS,E02_4,Grounds of discrimination: Ethnic background,2009,0.07,84
DS,E02_4,Grounds of discrimination: Ethnic background,2010,0.05,84
DS,E02_4,Grounds of discrimination: Ethnic background,2011,0.05,84
DS,E02_4,Grounds of discrimination: Ethnic background,2012,0.05,84
DS,E02_4,Grounds of discrimination: Ethnic background,2013,0.06,84
DS,E02_4,Grounds of discrimination: Ethnic background,2014,0.07,84
DS,E02_4,Grounds of discrimination: Ethnic background,2015,0.08,84
DS,E02_4,Grounds of discrimination: Ethnic background,2016,0.07,84
DS,E02_4,Grounds of discrimination: Ethnic background,2017,0.08,84
DS,E02_4,Grounds of discrimination: Ethnic background,2018,0.08,84
DS,E02_4,Grounds of discrimination: Ethnic background,2019,0.1,84
DS,E02_5,Grounds of discrimination: Gender,2009,0.13,85
DS,E02_5,Grounds of discrimination: Gender,2010,0.11,85
DS,E02_5,Grounds of discrimination: Gender,2011,0.09,85
DS,E02_5,Grounds of discrimination: Gender,2012,0.09,85
DS,E02_5,Grounds of discrimination: Gender,2013,0.11,85
DS,E02_5,Grounds of discrimination: Gender,2014,0.12,85
DS,E02_5,Grounds of discrimination: Gender,2015,0.12,85
DS,E02_5,Grounds of discrimination: Gender,2016,0.12,85
DS,E02_5,Grounds of discrimination: Gender,2017,0.15,85
DS,E02_5,Grounds of discrimination: Gender,2018,0.16,85
DS,E02_5,Grounds of discrimination: Gender,2019,0.16,85
DS,E02_6,Grounds of discrimination: Gender reassignment or perceived gender,2009,0,86
DS,E02_6,Grounds of discrimination: Gender reassignment or perceived gender,2010,0,86
DS,E02_6,Grounds of discrimination: Gender reassignment or perceived gender,2011,0,86
DS,E02_6,Grounds of discrimination: Gender reassignment or perceived gender,2012,0,86
DS,E02_6,Grounds of discrimination: Gender reassignment or perceived gender,2013,0,86
DS,E02_6,Grounds of discrimination: Gender reassignment or perceived gender,2014,0,86
DS,E02_6,Grounds of discrimination: Gender reassignment or perceived gender,2015,0,86
DS,E02_6,Grounds of discrimination: Gender reassignment or perceived gender,2016,0,86
DS,E02_6,Grounds of discrimination: Gender reassignment or perceived gender,2017,0,86
DS,E02_6,Grounds of discrimination: Gender reassignment or perceived gender,2018,0,86
DS,E02_6,Grounds of discrimination: Gender reassignment or perceived gender,2019,0,86
DS,E02_7,Grounds of discrimination: Grade or responsibility level,2019,0.23,87
DS,E02_8,Grounds of discrimination: Main spoken/written language or language ability,2010,0.04,88
DS,E02_8,Grounds of discrimination: Main spoken/written language or language ability,2011,0.03,88
DS,E02_8,Grounds of discrimination: Main spoken/written language or language ability,2012,0.04,88
DS,E02_8,Grounds of discrimination: Main spoken/written language or language ability,2013,0.03,88
DS,E02_8,Grounds of discrimination: Main spoken/written language or language ability,2014,0.04,88
DS,E02_8,Grounds of discrimination: Main spoken/written language or language ability,2015,0.04,88
DS,E02_8,Grounds of discrimination: Main spoken/written language or language ability,2016,0.04,88
DS,E02_8,Grounds of discrimination: Main spoken/written language or language ability,2017,0.04,88
DS,E02_8,Grounds of discrimination: Main spoken/written language or language ability,2018,0.03,88
DS,E02_8,Grounds of discrimination: Main spoken/written language or language ability,2019,0.03,88
DS,E02_9,Grounds of discrimination: Martial status or civil partnership,2018,0.02,89
DS,E02_9,Grounds of discrimination: Martial status or civil partnership,2019,0.01,89
DS,E02_10,Grounds of discrimination: Mental health,2019,0.11,90
DS,E02_11,Grounds of discrimination: Pay,2019,0.13,91
DS,E02_12,"Grounds of discrimination: Pregnancy, maternity or paternity",2018,0.02,92
DS,E02_12,"Grounds of discrimination: Pregnancy, maternity or paternity",2019,0.02,92
DS,E02_13,Grounds of discrimination: Religion or belief,2009,0.02,93
DS,E02_13,Grounds of discrimination: Religion or belief,2010,0.02,93
DS,E02_13,Grounds of discrimination: Religion or belief,2011,0.02,93
DS,E02_13,Grounds of discrimination: Religion or belief,2012,0.02,93
DS,E02_13,Grounds of discrimination: Religion or belief,2013,0.02,93
DS,E02_13,Grounds of discrimination: Religion or belief,2014,0.02,93
DS,E02_13,Grounds of discrimination: Religion or belief,2015,0.02,93
DS,E02_13,Grounds of discrimination: Religion or belief,2016,0.02,93
DS,E02_13,Grounds of discrimination: Religion or belief,2017,0.03,93
DS,E02_13,Grounds of discrimination: Religion or belief,2018,0.02,93
DS,E02_13,Grounds of discrimination: Religion or belief,2019,0.03,93
DS,E02_14,Grounds of discrimination: Sex,2019,0.04,94
DS,E02_15,Grounds of discrimination: Sexual orientation,2009,0.02,95
DS,E02_15,Grounds of discrimination: Sexual orientation,2010,0.02,95
DS,E02_15,Grounds of discrimination: Sexual orientation,2011,0.02,95
DS,E02_15,Grounds of discrimination: Sexual orientation,2012,0.02,95
DS,E02_15,Grounds of discrimination: Sexual orientation,2013,0.02,95
DS,E02_15,Grounds of discrimination: Sexual orientation,2014,0.02,95
DS,E02_15,Grounds of discrimination: Sexual orientation,2015,0.02,95
DS,E02_15,Grounds of discrimination: Sexual orientation,2016,0.02,95
DS,E02_15,Grounds of discrimination: Sexual orientation,2017,0.02,95
DS,E02_15,Grounds of discrimination: Sexual orientation,2018,0.02,95
DS,E02_15,Grounds of discrimination: Sexual orientation,2019,0.02,95
DS,E02_16,Grounds of discrimination: Social or educational background,2010,0.05,96
DS,E02_16,Grounds of discrimination: Social or educational background,2011,0.05,96
DS,E02_16,Grounds of discrimination: Social or educational background,2012,0.05,96
DS,E02_16,Grounds of discrimination: Social or educational background,2013,0.06,96
DS,E02_16,Grounds of discrimination: Social or educational background,2014,0.06,96
DS,E02_16,Grounds of discrimination: Social or educational background,2015,0.06,96
DS,E02_16,Grounds of discrimination: Social or educational background,2016,0.06,96
DS,E02_16,Grounds of discrimination: Social or educational background,2017,0.06,96
DS,E02_16,Grounds of discrimination: Social or educational background,2018,0.05,96
DS,E02_16,Grounds of discrimination: Social or educational background,2019,0.06,96
DS,E02_17,Grounds of discrimination: Working location,2010,0.11,97
DS,E02_17,Grounds of discrimination: Working location,2011,0.12,97
DS,E02_17,Grounds of discrimination: Working location,2012,0.13,97
DS,E02_17,Grounds of discrimination: Working location,2013,0.14,97
DS,E02_17,Grounds of discrimination: Working location,2014,0.11,97
DS,E02_17,Grounds of discrimination: Working location,2015,0.12,97
DS,E02_17,Grounds of discrimination: Working location,2016,0.13,97
DS,E02_17,Grounds of discrimination: Working location,2017,0.12,97
DS,E02_17,Grounds of discrimination: Working location,2018,0.12,97
DS,E02_17,Grounds of discrimination: Working location,2019,0.11,97
DS,E02_18,Grounds of discrimination: Working pattern,2010,0.23,98
DS,E02_18,Grounds of discrimination: Working pattern,2011,0.22,98
DS,E02_18,Grounds of discrimination: Working pattern,2012,0.22,98
DS,E02_18,Grounds of discrimination: Working pattern,2013,0.23,98
DS,E02_18,Grounds of discrimination: Working pattern,2014,0.22,98
DS,E02_18,Grounds of discrimination: Working pattern,2015,0.22,98
DS,E02_18,Grounds of discrimination: Working pattern,2016,0.21,98
DS,E02_18,Grounds of discrimination: Working pattern,2017,0.2,98
DS,E02_18,Grounds of discrimination: Working pattern,2018,0.2,98
DS,E02_18,Grounds of discrimination: Working pattern,2019,0.19,98
DS,E02_19,Grounds of discrimination: Any other grounds,2009,0.73,99
DS,E02_19,Grounds of discrimination: Any other grounds,2010,0.3,99
DS,E02_19,Grounds of discrimination: Any other grounds,2011,0.28,99
DS,E02_19,Grounds of discrimination: Any other grounds,2012,0.27,99
DS,E02_19,Grounds of discrimination: Any other grounds,2013,0.28,99
DS,E02_19,Grounds of discrimination: Any other grounds,2014,0.24,99
DS,E02_19,Grounds of discrimination: Any other grounds,2015,0.24,99
DS,E02_19,Grounds of discrimination: Any other grounds,2016,0.24,99
DS,E02_19,Grounds of discrimination: Any other grounds,2017,0.24,99
DS,E02_19,Grounds of discrimination: Any other grounds,2018,0.23,99
DS,E02_19,Grounds of discrimination: Any other grounds,2019,0.13,99
DS,E02_20,Grounds of discrimination: Prefer not to say,2010,0.11,100
DS,E02_20,Grounds of discrimination: Prefer not to say,2011,0.11,100
DS,E02_20,Grounds of discrimination: Prefer not to say,2012,0.12,100
DS,E02_20,Grounds of discrimination: Prefer not to say,2013,0.1,100
DS,E02_20,Grounds of discrimination: Prefer not to say,2014,0.1,100
DS,E02_20,Grounds of discrimination: Prefer not to say,2015,0.1,100
DS,E02_20,Grounds of discrimination: Prefer not to say,2016,0.11,100
DS,E02_20,Grounds of discrimination: Prefer not to say,2017,0.11,100
DS,E02_20,Grounds of discrimination: Prefer not to say,2018,0.1,100
DS,E02_20,Grounds of discrimination: Prefer not to say,2019,0.13,100
BH,E03_YES,"Have you been bullied or harassed at work, in the past 12 months?",2009,0.1,101
BH,E03_YES,"Have you been bullied or harassed at work, in the past 12 months?",2010,0.1,101
BH,E03_YES,"Have you been bullied or harassed at work, in the past 12 months?",2011,0.1,101
BH,E03_YES,"Have you been bullied or harassed at work, in the past 12 months?",2012,0.1,101
BH,E03_YES,"Have you been bullied or harassed at work, in the past 12 months?",2013,0.1,101
BH,E03_YES,"Have you been bullied or harassed at work, in the past 12 months?",2014,0.1,101
BH,E03_YES,"Have you been bullied or harassed at work, in the past 12 months?",2015,0.1,101
BH,E03_YES,"Have you been bullied or harassed at work, in the past 12 months?",2016,0.11,101
BH,E03_YES,"Have you been bullied or harassed at work, in the past 12 months?",2017,0.11,101
BH,E03_YES,"Have you been bullied or harassed at work, in the past 12 months?",2018,0.11,101
BH,E03_YES,"Have you been bullied or harassed at work, in the past 12 months?",2019,0.12,101
BH,E03_NO,"Have you been bullied or harassed at work, in the past 12 months?",2009,0.83,102
BH,E03_NO,"Have you been bullied or harassed at work, in the past 12 months?",2010,0.83,102
BH,E03_NO,"Have you been bullied or harassed at work, in the past 12 months?",2011,0.83,102
BH,E03_NO,"Have you been bullied or harassed at work, in the past 12 months?",2012,0.83,102
BH,E03_NO,"Have you been bullied or harassed at work, in the past 12 months?",2013,0.83,102
BH,E03_NO,"Have you been bullied or harassed at work, in the past 12 months?",2014,0.83,102
BH,E03_NO,"Have you been bullied or harassed at work, in the past 12 months?",2015,0.82,102
BH,E03_NO,"Have you been bullied or harassed at work, in the past 12 months?",2016,0.82,102
BH,E03_NO,"Have you been bullied or harassed at work, in the past 12 months?",2017,0.82,102
BH,E03_NO,"Have you been bullied or harassed at work, in the past 12 months?",2018,0.79,102
BH,E03_NO,"Have you been bullied or harassed at work, in the past 12 months?",2019,0.82,102
BH,E03_PNS,"Have you been bullied or harassed at work, in the past 12 months?",2009,0.07,103
BH,E03_PNS,"Have you been bullied or harassed at work, in the past 12 months?",2010,0.07,103
BH,E03_PNS,"Have you been bullied or harassed at work, in the past 12 months?",2011,0.07,103
BH,E03_PNS,"Have you been bullied or harassed at work, in the past 12 months?",2012,0.07,103
BH,E03_PNS,"Have you been bullied or harassed at work, in the past 12 months?",2013,0.07,103
BH,E03_PNS,"Have you been bullied or harassed at work, in the past 12 months?",2014,0.07,103
BH,E03_PNS,"Have you been bullied or harassed at work, in the past 12 months?",2015,0.08,103
BH,E03_PNS,"Have you been bullied or harassed at work, in the past 12 months?",2016,0.07,103
BH,E03_PNS,"Have you been bullied or harassed at work, in the past 12 months?",2017,0.07,103
BH,E03_PNS,"Have you been bullied or harassed at work, in the past 12 months?",2018,0.07,103
BH,E03_PNS,"Have you been bullied or harassed at work, in the past 12 months?",2019,0.07,103
BH,E03A_01,Nature of bullying and/or harassment: Comments about my personal appearance,2019,0.11,104
BH,E03A_02,"Nature of bullying and/or harassment: Sexual harassment (e.g. sexual comments or jokes, unwelcome sexual advances, touching or assault)",2019,0.05,105
BH,E03A_03,Nature of bullying and/or harassment: Spreading gossip or making false accusations about me,2019,0.26,106
BH,E03A_04,"Nature of bullying and/or harassment: Intimidation or verbal aggression (e.g. shouting, swearing, making threats)",2019,0.3,107
BH,E03A_05,"Nature of bullying and/or harassment:  Physical assault (e.g. object thrown at me, pushed, hit)",2019,0.01,108
BH,E03A_06,Nature of bullying and/or harassment: Humiliated in front of team or others,2019,0.41,109
BH,E03A_07,Nature of bullying and/or harassment: Negative Micromanagement (e.g. excessive control; made to feel incompetent),2019,0.47,110
BH,E03A_08,"Nature of bullying and/or harassment: Removal of job responsibilities, unconstructive criticism, or impossible/changing expectations",2019,0.32,111
BH,E03A_09,Nature of bullying and/or harassment: Treated less favourably to others,2019,0.39,112
BH,E03A_10,"Nature of bullying and/or harassment: Ignored, excluded, marginalised",2019,0.38,113
BH,E03A_11,Nature of bullying and/or harassment: Undermining or taking credit for my work,2019,0.31,114
BH,E03A_12,Nature of bullying and/or harassment: Denied time off for personal ill health,2019,0.03,115
BH,E03A_13,Nature of bullying and/or harassment: Denied time off for family or caring responsibilities,2019,0.04,116
BH,E03A_14,Nature of bullying and/or harassment: Disclosure of personal / sensitive information to colleagues without my consent,2019,0.1,117
BH,E03A_15,Nature of bullying and/or harassment:  Something else not listed here,2019,0.12,118
BH,E03A_16,Nature of bullying and/or harassment: Prefer not to say,2019,0.05,119
BH,E04_01,Who bullied and/or harassed you?: A colleague in my Area/Directorate/Division,2019,0.36,120
BH,E04_02,Who bullied and/or harassed you?: A colleague in a different Area/Directorate/Division of [my organisation],2019,0.12,121
BH,E04_03,Who bullied and/or harassed you?: My manager,2009,0.31,122
BH,E04_03,Who bullied and/or harassed you?: My manager,2010,0.28,122
BH,E04_03,Who bullied and/or harassed you?: My manager,2011,0.28,122
BH,E04_03,Who bullied and/or harassed you?: My manager,2012,0.27,122
BH,E04_03,Who bullied and/or harassed you?: My manager,2013,0.29,122
BH,E04_03,Who bullied and/or harassed you?: My manager,2014,0.3,122
BH,E04_03,Who bullied and/or harassed you?: My manager,2015,0.28,122
BH,E04_03,Who bullied and/or harassed you?: My manager,2016,0.29,122
BH,E04_03,Who bullied and/or harassed you?: My manager,2017,0.26,122
BH,E04_03,Who bullied and/or harassed you?: My manager,2018,0.27,122
BH,E04_03,Who bullied and/or harassed you?: My manager,2019,0.29,122
BH,E04_04,Who bullied and/or harassed you?: Another senior member of staff in [my organisation],2019,0.24,123
BH,E04_05,Who bullied and/or harassed you?: Someone I manage,2009,0.04,124
BH,E04_05,Who bullied and/or harassed you?: Someone I manage,2010,0.04,124
BH,E04_05,Who bullied and/or harassed you?: Someone I manage,2011,0.04,124
BH,E04_05,Who bullied and/or harassed you?: Someone I manage,2012,0.04,124
BH,E04_05,Who bullied and/or harassed you?: Someone I manage,2013,0.04,124
BH,E04_05,Who bullied and/or harassed you?: Someone I manage,2014,0.04,124
BH,E04_05,Who bullied and/or harassed you?: Someone I manage,2015,0.04,124
BH,E04_05,Who bullied and/or harassed you?: Someone I manage,2016,0.04,124
BH,E04_05,Who bullied and/or harassed you?: Someone I manage,2017,0.04,124
BH,E04_05,Who bullied and/or harassed you?: Someone I manage,2018,0.04,124
BH,E04_05,Who bullied and/or harassed you?: Someone I manage,2019,0.04,124
BH,E04_06,Who bullied and/or harassed you?: Someone working in a different Civil Service organisation,2019,0.03,125
BH,E04_07,Who bullied and/or harassed you?: Someone working for a non-Civil Service organisation,2019,0.03,126
BH,E04_08,Who bullied and/or harassed you?: A contractor,2019,0.01,127
BH,E04_09,"Who bullied and/or harassed you?: A service user (e.g. customer, claimant, offender)",2019,0.01,128
BH,E04_10,Who bullied and/or harassed you?: A member of the public,2009,0.02,129
BH,E04_10,Who bullied and/or harassed you?: A member of the public,2010,0.02,129
BH,E04_10,Who bullied and/or harassed you?: A member of the public,2011,0.02,129
BH,E04_10,Who bullied and/or harassed you?: A member of the public,2012,0.02,129
BH,E04_10,Who bullied and/or harassed you?: A member of the public,2013,0.02,129
BH,E04_10,Who bullied and/or harassed you?: A member of the public,2014,0.02,129
BH,E04_10,Who bullied and/or harassed you?: A member of the public,2015,0.01,129
BH,E04_10,Who bullied and/or harassed you?: A member of the public,2016,0.02,129
BH,E04_10,Who bullied and/or harassed you?: A member of the public,2017,0.01,129
BH,E04_10,Who bullied and/or harassed you?: A member of the public,2018,0.02,129
BH,E04_10,Who bullied and/or harassed you?: A member of the public,2019,0.01,129
BH,E04_11,Who bullied and/or harassed you?: Someone else not listed here,2009,0.03,130
BH,E04_11,Who bullied and/or harassed you?: Someone else not listed here,2010,0.03,130
BH,E04_11,Who bullied and/or harassed you?: Someone else not listed here,2011,0.03,130
BH,E04_11,Who bullied and/or harassed you?: Someone else not listed here,2012,0.03,130
BH,E04_11,Who bullied and/or harassed you?: Someone else not listed here,2013,0.04,130
BH,E04_11,Who bullied and/or harassed you?: Someone else not listed here,2014,0.04,130
BH,E04_11,Who bullied and/or harassed you?: Someone else not listed here,2015,0.04,130
BH,E04_11,Who bullied and/or harassed you?: Someone else not listed here,2016,0.04,130
BH,E04_11,Who bullied and/or harassed you?: Someone else not listed here,2017,0.04,130
BH,E04_11,Who bullied and/or harassed you?: Someone else not listed here,2018,0.04,130
BH,E04_11,Who bullied and/or harassed you?: Someone else not listed here,2019,0.03,130
BH,E04_12,Who bullied and/or harassed you?: Prefer not to say,2009,0.14,131
BH,E04_12,Who bullied and/or harassed you?: Prefer not to say,2010,0.16,131
BH,E04_12,Who bullied and/or harassed you?: Prefer not to say,2011,0.17,131
BH,E04_12,Who bullied and/or harassed you?: Prefer not to say,2012,0.16,131
BH,E04_12,Who bullied and/or harassed you?: Prefer not to say,2013,0.14,131
BH,E04_12,Who bullied and/or harassed you?: Prefer not to say,2014,0.14,131
BH,E04_12,Who bullied and/or harassed you?: Prefer not to say,2015,0.14,131
BH,E04_12,Who bullied and/or harassed you?: Prefer not to say,2016,0.13,131
BH,E04_12,Who bullied and/or harassed you?: Prefer not to say,2017,0.14,131
BH,E04_12,Who bullied and/or harassed you?: Prefer not to say,2018,0.13,131
BH,E04_12,Who bullied and/or harassed you?: Prefer not to say,2019,0.11,131
BH,E05_YES,Did you report your experience of bullying and/or harassment?,2016,0.34,132
BH,E05_YES,Did you report your experience of bullying and/or harassment?,2017,0.36,132
BH,E05_YES,Did you report your experience of bullying and/or harassment?,2018,0.4,132
BH,E05_YES,Did you report your experience of bullying and/or harassment?,2019,0.51,132
BH,E05_NO,Did you report your experience of bullying and/or harassment?,2016,0.5,133
BH,E05_NO,Did you report your experience of bullying and/or harassment?,2017,0.49,133
BH,E05_NO,Did you report your experience of bullying and/or harassment?,2018,0.46,133
BH,E05_NO,Did you report your experience of bullying and/or harassment?,2019,0.42,133
BH,E05_PNS,Did you report your experience of bullying and/or harassment?,2016,0.14,134
BH,E05_PNS,Did you report your experience of bullying and/or harassment?,2017,0.14,134
BH,E05_PNS,Did you report your experience of bullying and/or harassment?,2018,0.14,134
BH,E05_PNS,Did you report your experience of bullying and/or harassment?,2019,0.07,134
BH,E05_01,Reporting action/inaction: I raised a formal complaint,2019,0.14,135
BH,E05_02,"Reporting action/inaction: I reported it in another way, through less formal means",2019,0.65,136
BH,E05_03,Reporting action/inaction: I confided in someone (e.g. a colleague),2019,0.48,137
BH,E05_04,Reporting action/inaction: I felt I might jeopardise my job,2019,0.43,138
BH,E05_05,Reporting action/inaction: I did not want to be seen as a troublemaker,2019,0.46,139
BH,E05_06,Reporting action/inaction: I did not believe that corrective action would be taken,2019,0.64,140
BH,E05_07,Reporting action/inaction: I did not know how to report it or who to speak to,2019,0.09,141
BH,E05_08,Reporting action/inaction: The behaviour stopped before I could report it,2019,0.03,142
BH,E05_09,Reporting action/inaction: I did not report it for another reason,2019,0.2,143
BH,E06_A_YES,Appropriate action was taken to address the behaviour I experienced,2019,0.16,144
BH,E06_B_YES,The bullying and/or harassment has stopped,2019,0.38,145
BH,E06_C_YES,The culture in my area allows this kind of behaviour to continue,2019,0.55,146
BH,E06_D_YES,I felt like I was punished for reporting the incident,2019,0.18,147
BH,E06_E_YES,I moved to another team or role to avoid the behaviour,2019,0.22,148
BH,E06_A_NO,Appropriate action was taken to address the behaviour I experienced,2019,0.63,149
BH,E06_B_NO,The bullying and/or harassment has stopped,2019,0.37,150
BH,E06_C_NO,The culture in my area allows this kind of behaviour to continue,2019,0.26,151
BH,E06_D_NO,I felt like I was punished for reporting the incident,2019,0.54,152
BH,E06_E_NO,I moved to another team or role to avoid the behaviour,2019,0.6,153
BH,E06_A_PNS,Appropriate action was taken to address the behaviour I experienced,2019,0.21,154
BH,E06_B_PNS,The bullying and/or harassment has stopped,2019,0.24,155
BH,E06_C_PNS,The culture in my area allows this kind of behaviour to continue,2019,0.18,156
BH,E06_D_PNS,I felt like I was punished for reporting the incident,2019,0.27,157
BH,E06_E_PNS,I moved to another team or role to avoid the behaviour,2019,0.15,158
WB,W01,"Overall, how satisfied are you with your life nowadays?",2012,0.62,159
WB,W01,"Overall, how satisfied are you with your life nowadays?",2013,0.63,159
WB,W01,"Overall, how satisfied are you with your life nowadays?",2014,0.64,159
WB,W01,"Overall, how satisfied are you with your life nowadays?",2015,0.65,159
WB,W01,"Overall, how satisfied are you with your life nowadays?",2016,0.66,159
WB,W01,"Overall, how satisfied are you with your life nowadays?",2017,0.66,159
WB,W01,"Overall, how satisfied are you with your life nowadays?",2018,0.66,159
WB,W01,"Overall, how satisfied are you with your life nowadays?",2019,0.67,159
WB,W02,"Overall, to what extent do you feel the things you do in your life are worthwhile?",2012,0.68,160
WB,W02,"Overall, to what extent do you feel the things you do in your life are worthwhile?",2013,0.69,160
WB,W02,"Overall, to what extent do you feel the things you do in your life are worthwhile?",2014,0.7,160
WB,W02,"Overall, to what extent do you feel the things you do in your life are worthwhile?",2015,0.71,160
WB,W02,"Overall, to what extent do you feel the things you do in your life are worthwhile?",2016,0.71,160
WB,W02,"Overall, to what extent do you feel the things you do in your life are worthwhile?",2017,0.71,160
WB,W02,"Overall, to what extent do you feel the things you do in your life are worthwhile?",2018,0.71,160
WB,W02,"Overall, to what extent do you feel the things you do in your life are worthwhile?",2019,0.71,160
WB,W03,"Overall, how happy did you feel yesterday?",2012,0.59,161
WB,W03,"Overall, how happy did you feel yesterday?",2013,0.6,161
WB,W03,"Overall, how happy did you feel yesterday?",2014,0.6,161
WB,W03,"Overall, how happy did you feel yesterday?",2015,0.62,161
WB,W03,"Overall, how happy did you feel yesterday?",2016,0.64,161
WB,W03,"Overall, how happy did you feel yesterday?",2017,0.63,161
WB,W03,"Overall, how happy did you feel yesterday?",2018,0.62,161
WB,W03,"Overall, how happy did you feel yesterday?",2019,0.62,161
WB,W04,"Overall, how anxious did you feel yesterday?",2012,0.29,162
WB,W04,"Overall, how anxious did you feel yesterday?",2013,0.3,162
WB,W04,"Overall, how anxious did you feel yesterday?",2014,0.3,162
WB,W04,"Overall, how anxious did you feel yesterday?",2015,0.3,162
WB,W04,"Overall, how anxious did you feel yesterday?",2016,0.3,162
WB,W04,"Overall, how anxious did you feel yesterday?",2017,0.32,162
WB,W04,"Overall, how anxious did you feel yesterday?",2018,0.32,162
WB,W04,"Overall, how anxious did you feel yesterday?",2019,0.32,162
WB,HSE_INDEX,Wellbeing: Proxy Stress Index (higher score = higher stress),2009,0.31,163
WB,HSE_INDEX,Wellbeing: Proxy Stress Index (higher score = higher stress),2010,0.38,163
WB,HSE_INDEX,Wellbeing: Proxy Stress Index (higher score = higher stress),2011,0.3,163
WB,HSE_INDEX,Wellbeing: Proxy Stress Index (higher score = higher stress),2012,0.3,163
WB,HSE_INDEX,Wellbeing: Proxy Stress Index (higher score = higher stress),2013,0.31,163
WB,HSE_INDEX,Wellbeing: Proxy Stress Index (higher score = higher stress),2014,0.3,163
WB,HSE_INDEX,Wellbeing: Proxy Stress Index (higher score = higher stress),2015,0.3,163
WB,HSE_INDEX,Wellbeing: Proxy Stress Index (higher score = higher stress),2016,0.3,163
WB,HSE_INDEX,Wellbeing: Proxy Stress Index (higher score = higher stress),2017,0.29,163
WB,HSE_INDEX,Wellbeing: Proxy Stress Index (higher score = higher stress),2018,0.29,163
WB,HSE_INDEX,Wellbeing: Proxy Stress Index (higher score = higher stress),2019,0.28,163
WB,PERMA_INDEX,Wellbeing: PERMA Index (higher score = high flourishing),2012,0.72,164
WB,PERMA_INDEX,Wellbeing: PERMA Index (higher score = high flourishing),2013,0.72,164
WB,PERMA_INDEX,Wellbeing: PERMA Index (higher score = high flourishing),2014,0.73,164
WB,PERMA_INDEX,Wellbeing: PERMA Index (higher score = high flourishing),2015,0.73,164
WB,PERMA_INDEX,Wellbeing: PERMA Index (higher score = high flourishing),2016,0.73,164
WB,PERMA_INDEX,Wellbeing: PERMA Index (higher score = high flourishing),2017,0.75,164
WB,PERMA_INDEX,Wellbeing: PERMA Index (higher score = high flourishing),2018,0.74,164
WB,PERMA_INDEX,Wellbeing: PERMA Index (higher score = high flourishing),2019,0.74,164
